new_index,dividendyield,earningsyield,ebitdagrowth,evtoebit,evtoebitda,evtofcff,evtoinvestedcapital,evtonopat,freecashflow,pricetoearnings,revenuegrowth
A2018-01-31,-0.5988795069930293,-1.0429014469435254,-0.03516212830968534,-0.03656259180350102,0.5924916915342976,-0.17269539953695787,-0.061107378529426076,0.46779156396059235,-0.45106481192463616,0.4410493133114399,-0.0650401510457711
AAL2017-12-31,-0.5857930094139674,0.5988743136928129,-0.1900225533611761,-0.2835492981413082,-0.7641762853587454,3.2738490956580444,-0.14294987453697633,-0.21385037390351008,0.45767042983780504,-0.21741438002419072,-0.3249241511796364
AAL2018-03-31,-0.4963763711513379,0.6013585731736104,-0.17832734269085534,-0.2836958644857051,-0.7647771952197552,3.2710821311667813,-0.14297809349247725,-0.21394922428668312,0.507705928740057,-0.2175244518444186,-0.2951341563782483
ABBV2017-12-31,0.2970565799322137,-0.4038318446655045,-0.12340903323780991,-0.08927302217840456,0.42831897330046703,0.024804439654613698,-0.09914464928100429,-0.1284732258034099,-0.12269012680254127,-0.12037200576074931,0.017979014342613828
ABC2017-12-31,-0.193570651368204,-0.0584459869490866,-0.2941321718789948,-0.12785618126338738,-0.06123607415535485,-0.3061468939522911,-0.08704059863479753,-0.20671005717445762,-0.23653949349837422,-0.17229960997346605,-0.34111600224788463
ACN2018-02-28,0.14011175131499415,-0.4104729343666462,-0.1441404318069581,-0.11407722058015096,0.2926273103755348,-0.19153925692625132,0.11124647661556572,-0.14915820963409665,-0.04773715612579435,-0.11895391381014708,-0.015068512626350904
ADBE2018-03-02,-0.9445306992770065,-0.8051504356426498,0.024017555933407903,0.23141069074199858,2.2070121618896383,-0.19396689190542057,0.25454609517678123,0.0392383545877349,-0.05109523474617028,0.04212641093152488,1.0494875248936901
ADP2017-12-31,-0.009614546609148596,-0.43120789221132233,-0.15410227797834838,-0.10526944543686834,0.34862589311274644,-0.04840298426538467,0.042495694696755425,-0.12575664410526088,-0.41154772107519133,-0.11437186853810632,-0.2506168312730266
ADS2017-12-31,-0.561482860886315,0.12292955177765214,-0.04786584938190322,-0.22220007499666194,-0.4028429696246125,-0.2883532271882095,-0.14084285919290554,-0.19727381402747418,-0.28287380182500055,-0.18907455537619158,-0.1128560696484128
AEE2017-12-31,0.4710464552182468,-0.353162789908645,-0.1146924178378434,-0.2119973331167083,-0.5899538677252673,3.0579872228327862,-0.15174666359847194,-0.10588483094490984,-0.546680532935801,-0.13050411681272364,-0.5564073981718154
AFL2017-12-31,2.7696594837227275,11.764833587764755,-0.13681801775578992,-0.4315295766840875,-1.3416092197298362,-0.28973026901605525,-0.17241046407996632,-0.3267331822732353,-0.4336939046975455,-0.2873766404711296,-0.9357593374850588
AIV2017-12-31,0.6045194162915261,-0.5043090721809272,-0.15741473059744882,1.7004572308009975,0.18773745808478015,-0.3590549260633847,-0.0932619376909066,0.2940840223711427,-0.4805451264189155,-0.09619044987691369,-0.9062773026574962
AIZ2017-12-31,0.054700233307878154,1.0452293314951084,-0.21887509315936085,-0.2570380329048222,-0.26777293759037996,-0.29734324536508994,-0.15911745477531963,-0.26459669725344837,-0.48126657445084386,-0.23329529764262114,-1.667328520640031
ALGN2017-12-31,-0.9445306992770065,-0.9331020972179814,0.07590910976505749,0.3442564300679558,2.916831754950107,0.12193036765307598,0.7983310114711546,0.20773424422347145,-0.5219463187945168,0.18152014104785935,1.8238289266355396
ALK2017-12-31,-0.1805307249549039,1.5472711162729043,-0.15135550541470302,-0.33891861443456367,-0.9143105059776042,-0.3095691709532689,-0.13851761725962738,-0.27599479581537656,-0.39835346815483214,-0.245092550730598,1.6398604818271503
ALL2017-12-31,-0.2829872896308336,0.7164707946600679,0.04186300668717177,-0.28543396889925815,-0.5282777228529971,-0.2179175980728139,-0.15022095873772068,-0.24308266896826672,-0.29586058920696223,-0.22229912280185812,-0.29913763603797994
ALLE2017-12-31,-0.5689808185739625,-0.3577131661853532,0.0038057177615138608,-0.181490841762958,0.011536182115907689,-0.18477239046383812,-0.06499030680635656,-0.16182260325054054,-0.5117890700900777,-0.12964372208460923,-0.14971545673783995
ALXN2017-12-31,-0.9445306992770065,-0.841651832370407,-0.10690350140328046,0.3121446061655767,1.092769871854692,-0.16273448837885438,-0.1283023553682841,0.0648535914711314,-0.43126955451138166,0.0729018803571216,0.36609696875497627
ALXN2018-03-31,-0.9445306992770065,-0.8121604747716328,-0.10510769170342316,0.2618051019500337,0.9239245614257675,-0.17566604224070004,-0.1315400101960929,0.038811205486724454,-0.46311542187807003,0.04762388684179401,0.0866267142858081
AME2017-12-31,-0.7127925784463583,-0.24855332880140066,-0.0854872463167776,-0.12796653709916855,0.18582076283845567,-0.0026208719082677443,-0.11500746479993736,-0.1764243200700469,-0.5097773219162439,-0.14816758640873295,0.1497653524750127
AMG2017-12-31,-0.762996295137564,0.16385834163950364,-0.11445733002258934,-0.24296766384272622,-0.27243516927062883,-0.30562964789886177,-0.14004332212037868,-0.23977009882850522,-0.33753613656707865,-0.19226480363246234,-0.4429001953747043
AMGN2017-12-31,0.29640458361154853,-0.8653383856378125,-0.12158710266959102,-0.2844390420672937,-0.5738743486858311,-0.31408028108617386,-0.0581349818833262,0.08302330204823319,1.4731493248582985,0.09601573958474698,-0.7124336080217691
AMGN2018-03-31,0.3585305187377714,-0.8576888341672382,-0.12559012574600026,-0.2884153007752831,-0.5941291552078013,-0.31514133991639937,-0.060635181340710206,0.07420397187652658,1.4951362357345015,0.08824833813733449,-0.6668829061154885
AMP2017-12-31,-0.049526035666999375,0.147772146585627,0.002590689244133127,-0.2523392883344531,-0.33422527980619404,-0.3046990075288005,-0.13107157553477716,-0.20281232162773757,-0.14655886225799455,-0.1910326107560227,-0.4764952067415811
ANSS2017-12-31,-0.9445306992770065,-0.7487257698114674,-0.12245847851258997,0.052896331886523776,1.1568289351413115,-0.1921981921709703,-0.014388075802056102,-0.006743668907521375,-0.4934786543069243,0.0034269934697471875,0.06914827488246673
ANTM2017-12-31,-0.38386043467086245,0.3602132271365955,-0.1530149968327984,-0.3034133485819143,-0.6699888449028731,-0.27556134988709535,-0.12590186288700345,-0.26844103916254214,-0.8470620758722552,-0.2053034222485645,-0.2527314897599618
ANTM2018-03-31,-0.3509811916430414,0.39905130357401375,-0.14991967393195346,-0.30821555174832826,-0.6944707414816021,-0.2780513764135654,-0.12737489236415295,-0.27051401106660106,-1.0331069086366214,-0.2075134197946949,-0.4383355442071128
AON2017-12-31,-0.4532514716559239,-0.38294930704969193,-0.16644234758634516,0.5355565470846367,1.0904283954997227,-0.26146649556267315,-0.10775331197249359,0.32375284650027647,-0.22152829271743352,-0.12469232470469276,-0.21894485885381584
AOS2017-12-31,-0.5177991074017596,-0.5569212605910838,-0.0818372631018176,-0.14624077378055253,0.200553414948042,-0.07585969286497234,-0.024607100220799514,-0.0955271867810509,-0.5223767507886169,-0.08071129440231499,0.1217341513019169
APA2017-12-31,0.17122129004386724,0.7373533322758802,0.8540624305515689,-0.019010840984496756,-0.7636375385868054,-0.23319346400872384,-0.1496565796277017,-0.22624202704667368,-0.3948287325330205,-0.22310631615019572,0.6962437478058763
APD2017-12-31,0.14150888628784766,0.69580962670096,-0.10508442780503864,-0.09491151566284742,-0.07813407386754578,-0.09436583084661815,-0.1085603740998207,-0.10621024352017283,-0.440753133116973,-0.22148459133217197,0.24153058112004236
APD2018-03-31,0.4904200601751498,0.7574733744074877,-0.09387286133797493,-0.10691271280404697,-0.12450773831375454,-0.10288730862957504,-0.11077650273849517,-0.11366226364725994,-0.5270068439546263,-0.22386825775021746,0.19358463497289652
APH2017-12-31,-0.5724736560060966,-0.6703855079665172,-0.06357918425565469,-0.12293500071152194,0.28376907018306197,-0.07928076228761521,-0.08438613555400834,-0.03664121983567599,-0.4638647202039021,-0.03770562272917854,0.11897619864743506
ATVI2017-12-31,-0.7227588079193806,-1.1077135631009645,-0.13431490391732973,0.2377406325100077,0.5392075636864753,-0.26499342935267167,-0.07984288371835566,0.7765005890742848,-0.14199799418628523,0.7875156552314319,-0.24658597739339927
AVB2017-12-31,0.5514282873230897,-0.3707247826738866,-0.018054592087135567,1.698019056554208,2.3760646826154623,-0.013179936868235827,-0.14529769163465522,-0.08169174081504632,-0.4752881340331861,-0.12712368891150366,-0.2908158731897172
AYI2018-02-28,-0.774499373080725,0.17175385939530557,-0.1329215188456677,-0.2634231525907219,-0.4451242307070472,-0.28466367284911726,-0.11452209876532105,-0.22427295627529292,-0.4883750355925833,-0.192857968441468,-0.48815662441710733
BA2017-12-31,-0.042912930128825584,-0.11145172141560701,0.12910833956905773,-0.17644206227597062,-0.053455327506761637,-0.2690669936022477,11.883158135312453,-0.18727477307848375,0.7481956339486892,-0.1663820266159939,-0.7554864123625761
BA2018-03-31,-0.09656291308640345,-0.22555548113263194,0.13254976397569337,-0.14287147216935947,0.11425032628921297,-0.25829821253812646,13.232263128747686,-0.16983597810834744,0.9175867114934365,-0.15156269055264998,-0.6036279274917277
BF.B2018-01-31,-0.16227482797628373,-0.6897922478709648,-0.23450312707236912,0.07061534076913388,1.5552010914463106,-0.08856019673874913,0.00604244798063042,-0.024808756816301316,-0.44400853772552473,-0.028597179605323302,-0.25625592057152047
BIIB2017-12-31,-0.9445306992770065,-0.3257867423628272,-0.08909437498208188,-0.2512322813567735,-0.4344943424760797,-0.22435761333259316,-0.0720619770548942,-0.1693518276914927,-0.14597711600063693,-0.13551544218365308,-0.17695964908893727
BIIB2018-03-31,-0.9445306992770065,-0.17535376231770464,-0.07910477538805744,-0.2832768571717235,-0.5935178848319465,-0.24440623137395984,-0.08727011280620525,-0.19407091730553966,0.007392190382998236,-0.1584715318022852,-0.04021173360046072
BLL2017-12-31,-0.2537871686981936,-0.5653579041743861,0.14175043171748508,-0.043585706165010445,-0.18997583161929377,-0.18581654319737567,-0.14317186365358378,-0.0763350601969698,-0.4565142089574154,-0.07801025423594585,0.7814733814508311
BMY2017-12-31,0.24871570987147942,-1.0004476661132635,-0.15183996589509632,-0.14194551773475825,0.12307748493715089,-0.26888666190424265,-0.0008918900178025824,0.7036637304599294,0.3300932586041901,0.31321495884936756,-0.19495819867029512
BMY2018-03-31,0.21145877726205053,-1.0081218142123607,-0.19012213917180454,-0.1310547761911065,0.17762559559606259,-0.2657473607597325,0.004906164705792244,0.7377310358724408,0.14817121142510045,0.3328939657757714,-0.3016834384882709
BWA2017-12-31,-0.40486403042942803,-0.24506060755117046,0.44135597554745215,-0.28428730279309466,-0.7147151874887272,-0.09854566198966132,-0.13274590022783345,-0.1660977019388627,-0.5143265212615747,-0.14869348510537717,-0.12070562720347645
BWA2018-03-31,-0.36970280027927943,-0.22791675747081566,0.42954036399952733,-0.2871996622717564,-0.7274068181738492,-0.10258621909808459,-0.13344761158795704,-0.16877964992611896,-0.532502557781153,-0.15122269093016838,0.04856286152097444
BXP2017-12-31,0.14784256483145047,-0.6924486837514217,-0.1461647991049791,0.13728406006041818,0.6426158623543954,0.13116592675804348,-0.14592038991937614,-0.08631389814793941,-0.49674892991966285,-0.027301389677196464,-0.6914444249168168
CAT2017-12-31,-0.02414475032682588,-1.0497885029298948,0.29073570208046534,-0.053503936905840904,0.012810525441842356,-0.16057775347280417,-0.11432644734051446,0.6751666802159998,-0.0798776883753189,0.46697306150543755,0.5595984856420083
CB2017-12-31,-0.04580034240605647,0.14501732419107946,-0.27771928749943525,-0.09753936400238594,0.2600227701583278,-0.1233585790881408,-0.15550542847119825,-0.18457550823578112,-0.2633667567415397,-0.19081919372680314,-0.46102877250056634
CBS2017-12-31,-0.37426677452393453,-0.8804899088078249,-0.15963541254674965,-0.23522206361883707,-0.2248907666469353,0.29055056844048965,-0.1255162038284905,-0.19481121287587191,-0.5082422279158632,0.11238525378296658,-0.3967609477406683
CCL2018-02-28,0.2387029092326954,0.10991793528911875,-0.07618127882440337,-0.13579145558002534,-0.508209405598237,0.0019139872652227127,-0.14695508495441093,-0.19602700043533566,-0.4195477384775831,-0.1880221464727908,-0.08140993454334074
CDNS2018-03-31,-0.9445306992770065,-0.7589579672769303,-0.06519337229268551,0.0467319238721864,0.7891239027775052,-0.0893652489619855,0.010576293497782803,0.012313530511206814,-0.5262350996114122,0.009775079946332702,-0.1572091494342609
CELG2017-12-31,-0.9445306992770065,-0.3893198338370836,0.030275544598842474,-0.11529803201347992,0.3995063815165291,-0.2997423009903343,-0.024208272316386108,-0.14482178041606864,0.5967280663187167,-0.12339592326645354,0.4110043764937102
CFG2017-12-31,-0.2311535821379655,0.6592344400876347,-0.06255638900387232,-0.1895088829564318,-0.1780716000623916,-0.32883326560309173,-0.16135051478729467,-0.2041529348535439,0.19282116571419658,-0.2199973987388711,-0.08153311853287097
CHRW2017-12-31,0.006499076744429386,-0.26023672734970554,-0.15200567015376498,-0.17123292196511375,0.08539629244589482,-0.1256944381138611,-0.07802370172039454,-0.15883111647218046,-0.5034481871393873,-0.14638136537047977,0.22792559383192837
CHTR2017-12-31,-0.9445306992770065,1.1954655385120492,0.041614450299168784,0.26047738330079184,-0.271948225072914,-0.3442073479102365,-0.15047681060092927,-0.31144889273488463,6.634025372964416,-0.23733432193487114,2.2977382650231637
CHTR2018-03-31,-0.9445306992770065,1.3895575341850481,-0.06756833062074682,0.2300364157245366,-0.32484901387147125,-0.34508042704633635,-0.15165636294086887,-0.31275920146365976,6.493828116253038,-0.2418705039484836,0.3454294327337973
CL2017-12-31,0.04790084310665752,-0.49788935213649027,-0.15287010764110537,-0.13126859062293247,0.279510898581768,-0.23309404005915413,0.07683440101400936,-0.11141684472438086,-0.08781664504552782,-0.09792469255561484,-0.5535194179728294
CL2018-03-31,0.1012713990696644,-0.45853474650009446,-0.14858669336837754,-0.14724087354231916,0.19476188714968865,-0.23921122937741562,0.06499937107691163,-0.12213669978132634,-0.2395612127004537,-0.1079681346412945,-0.44542546716007364
CLX2017-12-31,0.09707999415110365,-0.24383077612503323,-0.11140200470142302,-0.13923145389851574,0.22061137168795716,-0.23902888504885259,-0.054349879318799005,-0.15554307854430133,-0.4023961169832509,-0.14887632662897787,-0.4779665710609697
CMCSA2017-12-31,0.2557945270672709,1.7168156766802016,-0.11174320854439591,-0.24394707188528386,-0.6458488453140289,-0.28317070350112544,-0.14215598125554965,-0.27744652553029714,1.9935876432632533,-0.24817333867675326,-0.31923715699632527
CMCSA2018-03-31,-0.08100814372196682,2.226703785956753,-0.1185754481752167,-0.2702393497601417,-0.7483557791904342,-0.2924581884744917,-0.14632298035118968,-0.28487689958807627,2.1632338701323155,-0.255626423926404,-0.293026341446287
CME2017-12-31,1.0214710633567976,0.7652213123921531,-0.11672372349152291,-0.10331235366168712,0.504468757411199,-0.2425501834732884,-0.14086355309360624,-0.24607848496048845,-0.20398343364475646,-0.22415689052325938,-0.5759457476223008
CMG2017-12-31,-0.9445306992770065,-0.7210053694663312,0.42773149386548925,0.007788384010980724,0.27483830638667434,-0.18950891521924923,-0.00868220299976436,-0.02029266522301721,-0.5147548384381263,-0.01252975140261795,0.3324745831682039
CMG2018-03-31,-0.9445306992770065,-0.7763969768995582,0.07483039952943868,0.06865652468401859,0.5044998389557339,-0.16741264684808085,0.012720934115854853,0.020282170159110546,-0.5029531849305334,0.021240894553401234,0.019730964415932452
CNC2017-12-31,-0.9445306992770065,-0.07534387074421402,-0.12643456444350132,-0.30108208155103766,-0.7423259595506455,-0.31197064173518296,-0.028465572069629172,-0.2401149928661454,-0.35695877785882063,-0.17047180624757122,0.6401608147947631
CNC2018-03-31,-0.9445306992770065,-0.1409676756429038,-0.11670494911738805,-0.2862271514689351,-0.6737393512767621,-0.30745349371060376,-0.015723773029101017,-0.23139234847068105,-0.40812020379320857,-0.16284382910578069,0.0045656465937692365
CNP2017-12-31,0.834534403988988,2.332395498718999,-0.17734617757302423,-0.2075796510655943,-0.715647633824777,0.08974800250309084,-0.14676883984810468,-0.2722428104686635,-0.5190332948813198,-0.25690570308149663,1.226174427209849
COF2017-12-31,-0.19301179737906266,-0.3769231330616188,-0.13124080422202852,-0.18281856041219988,-0.3306923442440498,0.20188171404712538,-0.16278780025414297,-0.024278428118256323,-0.4113942157506869,-0.1259031147271992,-0.2042859640997213
CRM2018-01-31,-0.9445306992770065,-1.2087073198153653,0.012947205410923885,4.985181439727441,3.980328243274255,-0.03202942962309196,0.07615338355458645,3.548234307213041,-0.34671603333627593,3.715087908200307,1.0325907876631302
CSX2017-12-31,-0.2814970123264564,1.430264954390195,-0.0985333956476728,-0.19607333087547588,-0.3103753746330098,-0.26749915439749483,-0.1328079819299355,-0.27539087048168454,-0.028231403935823022,-0.24273823679794657,-0.4605770978722889
CSX2018-03-31,-0.25904971042927544,1.396616766571077,-0.06959024908735889,-0.1930816531398464,-0.29712427614625797,-0.2664558067161805,-0.13231509084051896,-0.2746678917667987,-0.044260690771719666,-0.2420227699664655,-0.612736699161989
CTSH2017-12-31,-0.6487106543581406,-0.3707247826738866,-0.07847256874599404,-0.220227464432074,-0.24085632002307641,-0.2656418989184885,-0.06514268916606168,-0.14867117307466757,-0.22799226281836096,-0.12712491193172842,0.001143869106819065
CVS2017-12-31,0.3481917199386547,0.9477774892879837,-0.16492243955855684,-0.29240535396274514,-0.6788988876695707,-0.294503021121512,-0.14927468309658887,-0.2491897466556859,0.6474603573788162,-0.23037961742680763,-0.3911081713322266
CVX2017-12-31,0.6785209986870043,-0.28675189289722725,0.13314115676094185,-0.04520828181298011,-0.6976410590241714,-0.3016023741521219,-0.14915051969238471,-0.16361201164666528,2.644214947376996,-0.14216316861530331,0.9589336054790406
DAL2017-12-31,-0.09470006645593192,0.9359219143400196,-0.15943297581694757,-0.34202754524571066,-0.961202196166063,-0.1479819063880481,-0.13371098850596586,-0.25369501521431603,-0.3652805503796017,-0.23000720776837005,-0.39307227160973596
DAL2018-03-31,0.005427939931908363,1.0250600961064555,-0.13699759872577566,-0.34287935435314637,-0.9733343590495549,-0.30387262142164845,-0.1360832620317456,-0.2554404099361812,0.09178777035823643,-0.23271191699541344,-0.21576944934592604
DFS2017-12-31,-0.15393858930492407,0.4903293920219289,-0.14142508591306024,-0.2705273095191331,-0.3126028853246842,-0.26204251042839877,-0.1576557128803705,-0.19788711932453304,-0.20262665161009621,-0.21231927776786563,-0.06997435418195323
DG2018-02-02,-0.4574428765744846,0.14637013875983038,-0.13809100194984786,-0.21918080830208722,-0.2657733582252955,-0.2637709575516872,-0.11551916852635453,-0.2099295492161949,-0.3005972905808711,-0.1909237619560196,-0.20814572910500104
DGX2017-12-31,-0.0852461198062894,0.16110351924495592,-0.13972845388526323,-0.231423408834058,-0.3538688159523092,-0.1620107464301649,-0.14059076985709706,-0.2074229343903331,-0.48181607671720345,-0.19205627868414177,-0.49350144085172354
DGX2018-03-31,-0.10452658243166894,0.13571979860948072,-0.15883301212176795,-0.22780408228242324,-0.33616269608220845,-0.1590079016374933,-0.14002262821967795,-0.205418508372416,-0.5162611420321929,-0.1900914966930745,-0.3888771724107351
DHI2017-12-31,-0.5558943209949007,0.062102089440898095,-0.06891477975707165,-0.28626681059741893,-0.450107638347491,-0.329932564413921,-0.1297923162187342,-0.23179929457367066,-0.11057754282785422,-0.18396661140750661,0.34419759283849516
DHR2017-12-31,-0.6635668562361503,-0.31090578210656517,-0.10940049316321844,-0.056154201274522475,0.25128885614399465,0.09368108513971211,-0.13987965217847315,-0.1288051321994653,-0.4119145692865877,-0.13811436016125528,-0.08348353170043253
DHR2018-03-30,-0.6781436311195894,-0.3595333166960366,-0.0754633630830286,-0.03612461708024464,0.3372293267832493,0.11554912120559295,-0.1380153198517105,-0.11859179516432607,-0.36305591873494397,-0.12929516132055435,-0.010134309490168764
DOV2017-12-31,-0.10135974315986739,0.007030238178466891,-0.01980795537590533,-0.18555848889745366,-0.2623129462670663,-0.24688901243042075,-0.13002371165384197,-0.16573837718835055,-0.41714418239031953,-0.1789155378792727,0.37343325968699737
DOV2018-03-31,-0.06736279215376355,0.04237559336565464,-0.08721938640000358,-0.19234364848806,-0.29239988137693906,-0.2496503415561215,-0.13116563871978032,-0.16987494103310177,0.48423813816639383,-0.182207296814198,0.2636763250155838
DTE2017-12-31,0.4960551712323259,0.17741108395553748,-0.0845436299472162,-0.17579544605069045,-0.42186487488002794,0.8914318872374297,-0.1517334947525715,-0.1829102039703554,-0.5309237498491943,-0.19327929890889575,0.6026170722079457
DTE2018-03-31,0.578392992299164,0.2464046269618438,-0.125734198660557,-0.18441872003102647,-0.45429328634487,0.8554001648820401,-0.15251610045179778,-0.18750494294879172,-0.5556340316882094,-0.19816343017645077,0.4344914571641363
DVA2017-12-31,-0.9445306992770065,-0.06548062270659237,-0.15441042259730117,-0.2549033372064307,-0.6179479788364506,4.77871550540486,-0.13394614646847378,-0.22132476163554873,-0.5485022261489525,-0.17154256045434332,-0.5330024401610762
DVN2017-12-31,-0.6740453685325521,-0.2201688194861502,0.2991053996975049,-0.05465922456167477,-0.5338205982950708,-0.034468335333386474,-0.14963400446330094,-0.18211290708417885,-0.4642829720654239,-0.15233747386503163,1.7507123852943882
EA2017-12-31,-0.9445306992770065,-0.48450878622011573,-0.020102223283541047,-0.12872178485029573,0.3622396096190731,-0.2629296779784052,2.5814397779835745,-0.1362997229295247,-0.3148114490196641,-0.10145616345459195,0.023652321415977277
ECL2017-12-31,-0.4169725335274924,-0.3056667002312199,-0.11052042539422034,-0.07850987956987474,0.10554749381941511,0.3225087265463034,-0.11974824932409665,-0.15008971214998254,-0.4944605426360319,-0.1390096109657752,-0.31349541437322287
ED2017-12-31,0.5825843972177247,0.18373241748588356,-0.10212868829450077,-0.21493728155431535,-0.47727290827107444,0.4514974139621259,-0.15336266911682625,-0.19838353584732893,-0.5105503832578494,-0.19374649263475177,-0.693969696702186
EFX2017-12-31,-0.3284407474143369,-0.237902988651051,-0.12069940128386611,-0.07909269632759389,0.15615860883722774,9.272615231881455,-0.1265941679286267,-0.1355233505770125,-0.5509168436889701,-0.14975751270091311,-0.18461074354975782
EFX2018-03-31,-0.3278353222594337,-0.23696831676718652,-0.1683316210183087,-0.0794082450455306,0.15481174190737826,9.264979714070169,-0.1266355557300281,-0.13568786070375302,-0.5199936867350385,-0.14989693700653509,-0.3432511913997415
EL2017-12-31,-0.4307110274272194,-0.6925962635225581,-0.041347468309989324,-0.04837066623208353,0.4901090838360324,-0.23958195592621598,0.010704219429387105,-0.03716361164164139,-0.22577287257754453,-0.027220670342362717,0.16783233760610952
EMN2017-12-31,0.11161019786878093,1.2915645661504231,-0.10159484304736137,-0.25299625041933776,-0.5818933871758593,-0.27046416173567434,-0.14746678868082813,-0.25641303998375226,-0.37366244016458305,-0.23966662150347695,-0.2591575878804542
EOG2017-12-31,-0.654485478912602,-0.22894981586877106,0.23819071840120865,0.7766978427459115,0.06858117685246386,-0.1273709593687508,-0.12069452496522845,-0.20759971062301477,-0.30814301033110686,-0.1510734824627484,2.5122152779052005
EQR2017-12-31,0.5277701351161022,-0.6410417301388797,-0.10681615974969651,0.805109297529754,1.2918264435716291,-0.11626244626642389,-0.14681210891320612,0.19369965441983358,-0.43608273232872896,-0.0503718316868431,-0.36707360626388863
ESRX2017-12-31,-0.9445306992770065,1.3055108545228207,-0.12301436324240946,-0.2763002991784343,-0.6715843641890027,-0.24752178347788456,-0.1451810532852513,-0.26140462356616784,-0.1370106856373705,-0.23999072186303674,-0.6853810352099411
ESS2017-12-31,0.40607967898055497,-0.5765001768951906,-0.07589027602531286,0.6982624324644625,1.3804192060112026,0.5695410138769386,-0.1453654171278575,0.14842690046223492,-0.5325773092056056,-0.07433446695044775,-0.05712900149594237
ETN2017-12-31,0.806079421708537,0.8327144610585716,0.023019248995714496,-0.27615545714397155,-0.5916322711301568,-0.15359110775344742,-0.14601633436807937,-0.20637742924275862,-0.38281613401346926,-0.2265851971795084,-0.44247589496632245
ETR2017-12-31,1.0826655751677847,-0.5571426302477885,0.3219223863498965,-0.21484934174767725,-0.781851323684311,-0.3320687704882787,-0.1550670940290835,-0.30274284365922305,0.22704128656983594,-0.08063852469894214,-0.5257756461086375
EW2017-12-31,-0.9445306992770065,-0.6562670431944603,0.01860155713406551,-0.08584854264932086,0.623210618049715,0.7084398941608007,0.027740943497159606,-0.05551514920093008,-0.5336900629832065,-0.04395831362823325,0.4188128727189305
EW2018-03-31,-0.9445306992770065,-0.7696329040558028,-0.06604311679157254,0.010324843924013012,1.158797432961861,0.9727260607398375,0.07863100784756973,0.015289143505407728,-0.46743305677220115,0.01669248233754119,-0.025552838846366163
EXC2017-12-31,0.6156964960743546,1.2332213632944662,-0.06818829310576574,-0.22819722494739358,-0.8295822155752144,-0.34788160625708725,-0.15805830331218404,-0.3178128371114249,3.0450907621455183,-0.2382723784472574,-0.18261926905235282
EXPD2017-12-31,-0.3398041118602127,-0.2219889699968336,-0.11382961290477558,-0.21495452465365616,-0.08351118107209947,-0.2595903213564208,0.03444764858788495,-0.18158113531484663,-0.46589575043029885,-0.1520781935773838,0.2533494005599681
EXPE2017-12-31,-0.49227810856430076,-0.749832618094991,-0.055707415691757425,0.14604700314541466,-0.10070963571479535,-0.26668202639090993,-0.11688872850000057,-0.07922913966344407,-0.3760215207115588,0.004100877613586623,0.3331589386655939
EXPE2018-03-31,-0.44682465078079736,-0.7077477866925703,-0.07389937608988013,0.10132185207523754,-0.20501929917423023,-0.2737693036381712,-0.12135296726025058,-0.09818965330593,-0.38805819163913924,-0.019581686018549368,0.3272392636131701
EXR2017-12-31,1.1512183311691342,-0.24188764247173594,0.008360544182061043,0.09208644806830293,0.8546645196869594,0.17589100554605103,-0.13618296900784893,-0.10349726950024184,-0.5262363395590689,-0.14916618242224458,0.8433117441949946
FAST2017-12-31,0.16092906241051239,-0.34369308792738723,-0.08264986699100303,-0.16240445510262214,0.09663745105271704,-0.20356512703695606,-0.052811005612147285,-0.14480013434676067,-0.4675118170011169,-0.1322726040577179,0.06997634503430865
FAST2018-03-31,0.1986517066775593,-0.2777987201149471,-0.08094425591470673,-0.17166399944863384,0.048761511953983636,-0.20366696614319546,-0.05578528352194723,-0.15879576122564412,-0.467905405024383,-0.143611224561412,0.18990964595191195
FB2017-12-31,-0.9445306992770065,-0.49545428591273827,0.10829857839482483,-0.07477847287252476,0.5522410913614823,-0.21372810630309186,0.09761483984490765,-0.1216713092912052,2.153383331009847,-0.09857656233540871,2.5525306602564477
FB2018-03-31,-0.9445306992770065,-0.4171386206963108,0.11224527834882944,-0.11603603666526632,0.3360896701502993,-0.22929660872214824,0.06920963923765312,-0.14441699892000978,2.3586575532006275,-0.11750402333370126,2.5606813342303627
FBHS2017-12-31,-0.45306518699287673,-0.15599621567030242,-0.10048348172629057,-0.17797497380736807,-0.04934220311329764,-0.19310065571321824,-0.12013767091000975,-0.17877652626817858,-0.4936057858530247,-0.16096588155067093,-0.26050576821031257
FCX2017-12-31,-0.9445306992770065,0.37499580087876705,16.83463092946167,-0.29134835197315384,-0.7933618556771033,-0.3231777737348563,-0.14129624374462077,-0.2302703605448851,0.24943614674507816,-0.20615709036544272,0.05572122002367423
FIS2017-12-31,-0.36853852113523483,-0.21994744982944558,-0.08277638994712934,0.023507193370057577,-0.07041549030802259,-0.2837946189741336,-0.13968023822626643,-0.1959519607284014,-0.13500353162421583,-0.1523680493706505,-0.7575531659646941
FISV2017-12-31,-0.9445306992770065,0.9219018360820536,-0.10830341669203286,-0.345552034750971,-0.9389996128532331,-0.3102631259696986,-0.14904140639778102,-0.28113573727601715,-0.3717314532026111,-0.2642487165109195,-0.4327238291285146
FITB2017-12-31,-0.023539325171922698,1.0731219082399042,-0.03599187401873304,-0.2262849652304984,-0.21367032906980304,-0.2108480319744638,-0.1575842248597681,-0.21090217926376592,-0.32984106760217535,-0.23408414568758742,0.10082709085665145
FLIR2017-12-31,-0.34315723579506135,-0.834617196612901,-0.11481567568542453,-0.10665923924373713,0.2376026160337532,-0.254784964635923,-0.1093787238093482,0.06545751680482349,-0.5036266878454274,0.06653361404682763,-0.10088669199906111
FLR2017-12-31,-0.18434956054737034,-0.5993258481643002,-0.2181306484110564,-0.20324818451118437,-0.4782985992407292,-0.10818817499347483,-0.1339894155335752,-0.1760570584274552,-0.5299477733375288,-0.06640929589404199,-0.4960130255271449
FLS2017-12-31,0.3211804437968187,-1.234312410107545,-0.07652003383596735,-0.11709648727472574,0.005382036297979159,-0.2798542908675033,-0.1317093239290986,15.104017990228979,-0.48847257067294647,12.398239202119825,-1.2355138888968675
FOX2017-12-31,-0.4566511667565343,0.2748629261626624,-0.16309479505038388,-0.2296611640814278,-0.23043364208900893,-0.2894424628462483,-0.13153812893239283,-0.2536531661469873,0.29931292342740456,-0.2000493273630214,-0.35581595833182256
FOXA2017-12-31,-0.4566511667565343,0.2748629261626624,-0.16309479505038388,-0.2296611640814278,-0.23043364208900893,-0.2894424628462483,-0.13153812893239283,-0.2536531661469873,0.29931292342740456,-0.2000493273630214,-0.35581595833182256
GD2017-12-31,-0.18746982865341005,-0.06941608327023195,-0.09136158472815174,-0.22139137363757827,-0.16581511100075957,-0.26178086845584697,-0.08541894932534305,-0.19357089310452577,-0.0417662382214925,-0.17111878394646607,-0.5779098478998101
GILD2017-12-31,0.4173033299291454,-0.04149890989691364,-0.20205488648878825,-0.368995752614728,-0.9585395438508985,0.0788552433965913,-0.07991060921155795,-0.207166067701212,-0.37651298718792225,-0.17408032742070784,-1.6346642327496048
GOOG2017-12-31,-0.9445306992770065,-0.8258362002302803,-0.08088793279230211,-0.07378527035049444,0.3767339698872247,-0.20699545456016621,0.07640547289039494,0.03329506549141261,2.876956279973388,0.058909917475823734,0.8902380006510291
GOOG2018-03-31,-0.9445306992770065,-0.8192443037861838,-0.05349408023668329,-0.08103771793323657,0.3419848030971031,-0.20984654700875777,0.07180766440744042,0.026516959655446686,2.071016354417714,0.053386146630722386,0.9536845988140593
GOOGL2017-12-31,-0.9445306992770065,-0.8258362002302803,-0.08088793279230211,-0.07378527035049444,0.3767339698872247,-0.20699545456016621,0.07640547289039494,0.03329506549141261,2.876956279973388,0.058909917475823734,0.8902380006510291
GOOGL2018-03-31,-0.9445306992770065,-0.8192443037861838,-0.05349408023668329,-0.08103771793323657,0.3419848030971031,-0.20984654700875777,0.07180766440744042,0.026516959655446686,2.071016354417714,0.053386146630722386,0.9536845988140593
GT2017-12-31,-0.3077631498161038,-0.2050664895731834,-0.18820592859434315,-0.29027065826435355,-0.8789293477819378,0.8450069406800587,-0.15316325516461957,-0.15687070412852286,-0.5431554074517131,-0.1544643060358788,-0.5712921302400485
GT2018-03-31,-0.10350201678490958,0.019377745696885936,-0.20612606870607839,-0.3108778862865484,-0.9534628915768498,0.7111404418436471,-0.15602277598871564,-0.17747776210970098,-0.5616527733142864,-0.18008535672424986,-0.515845647841508
GWW2017-12-31,0.057727359082394215,-0.19444074605135653,-0.14712882240294792,-0.21652537100360342,-0.3040140185181812,-0.2783415977400421,-0.10142662214918097,-0.17929963960978762,-0.3966686466096326,-0.15592214614378555,-0.4759750965635647
GWW2018-03-31,-0.09977632352396669,-0.36592844011195086,-0.1289556363789601,-0.17274514177730224,-0.09378881179833695,-0.26369488011659137,-0.08836500827964204,-0.15171028120550517,-0.4048553836825629,-0.1280635799542271,-0.3483427963003234
HAS2017-12-31,0.19981598582160398,-0.401249198670616,-0.09067019799370667,-0.24036223153233072,-0.408924591838626,-0.2905445793398589,-0.07305716555222765,-0.13469791380073565,-0.41741295155760705,-0.12091624976076486,-0.4111940051806241
HCA2017-12-31,-0.9445306992770065,0.4208931097022134,-0.14384126623650462,-0.28834115544811767,-0.7189940801197112,-0.2026670912819359,-0.1323903413885215,-0.2173750755224896,-0.20445864810781542,-0.20871136810484142,-0.22572682183295104
HCP2017-12-31,2.4151597699440113,-0.41551524321380956,-0.24581223865722052,15.20963065744126,2.130375433581192,-0.31659566675767586,-0.15064988686133507,6.199442711445075,-0.196083167189724,-0.11786114523932942,-1.619936902445771
HII2017-12-31,-0.44524123114489667,-0.1547663842441652,-0.12366371170433511,-0.2469628899599905,-0.44648145815174184,-0.2521069584153272,-0.08743002022071063,-0.18814278045773294,-0.46655774804367767,-0.16112242813943944,-0.30901288586531817
HLT2017-12-31,13.708760609508689,-0.04934523439567003,-0.10976128765746249,-0.08425183165036247,0.3196578936061332,-0.23505957506218572,-0.10428426170957701,-0.2201082525404414,-0.26214775276161706,-0.17326090387012266,0.9596042738664832
HLT2018-03-31,-0.5010334877275165,-0.032644123628724625,-0.0811001648477398,-0.08864882198226745,0.2986778510450136,-0.23651913474291322,-0.10512142405610513,-0.22148710715535844,-0.2566624631689233,-0.17499147748814955,0.9301633003687637
HOG2017-12-31,0.40230741455385044,0.2203322007277315,-0.19362274367082188,-0.1863154609585149,0.1912807541617695,-0.19314855632050082,-0.14416140835981706,-0.14208571725554245,-0.4779271209129568,-0.19637231705729855,-1.0687364541829163
HON2017-12-31,-0.10843856035565885,-0.8978797251734072,-0.10521992980966424,-0.18170638050471802,-0.01810525085563028,-0.21442528152841456,-0.08161879665121534,0.1630877832045163,0.14678991338850353,0.13290997919478778,-0.4556428947361068
HON2018-03-31,-0.03574097060151061,-0.8765298516156625,-0.20277810803154894,-0.1978183325287652,-0.10196325801103989,-0.22267143145102458,-0.08694089165869419,0.1354255497002304,-0.22383319682848465,0.10798971909520079,-2.104330567053411
HRB2018-01-31,0.7049268496739369,-0.12217585145152499,-0.08421507839985594,-0.30026131002241535,-0.7070484065034291,-0.3028759667692818,-0.07095767526295708,-0.16289985596643336,-0.4489127475242311,-0.16511925823393545,-0.46726325108178957
HRS2017-12-29,-0.22123392383070506,-0.5050469710366098,-0.12651578401856306,-0.15095848576019646,0.011256448215092672,-0.2949767943548866,-0.11925159570727999,-0.1449458845467676,-0.301897210192692,-0.09598314794881793,0.20367203500442563
HST2017-12-31,1.0496931898084403,-0.3044368688050825,-0.16747534630233127,-0.0007107396541015075,-0.23175978798916866,-0.12019593142915673,-0.14863317217486732,-0.11615805543846774,-0.48976169404964714,-0.1392211934646576,-0.9103150000920974
HSY2017-12-31,0.1079310757735997,-0.5007179644166062,-0.13792570582974736,-0.07165402327197108,0.44705078414022265,-0.23938431560541143,-0.025179004385618736,-0.10724636870438052,-0.359733053128628,-0.097165808506155,-0.6009589410519066
IBM2017-12-31,0.8646193770711019,-0.26222905426004817,-0.1507943148834976,-0.22791098949833621,-0.46850791271220654,-0.2575374381871681,-0.10973992643976033,-0.13716340109491232,0.42348996787459225,-0.14607132974350462,-0.7370430317079147
IBM2018-03-31,0.8766813090034044,-0.2622782475170937,-0.16632806878726333,-0.22789719501886357,-0.46844574962313656,-0.2575314002954938,-0.10973616391236021,-0.13715257806025835,0.17290954417026855,-0.14606093407159423,-0.6128461960415714
IDXX2017-12-31,-0.9445306992770065,-0.7840711249986554,-0.06866459081479608,0.14110340656440623,1.5364381990620202,-0.1309663225977244,0.19953041953213244,0.030927707044765374,-0.49844763769354766,0.026554917429957258,0.07621766717050572
ILMN2017-12-31,-0.9445306992770065,-0.6939490780913091,0.133693368243648,0.03701543739364337,1.0728569623226065,0.30093050928078763,0.1158913166910218,0.23567066127232483,-0.5118640730550217,-0.026565743012006947,0.3400983034091289
INTU2018-01-31,-0.5395478418125137,-0.702533301445748,-0.06572517684698417,0.04777685569223908,1.1219968842324302,-0.15406286835626393,0.5656638421021359,-0.01915624658434931,-0.3788002338318447,-0.022261323330985343,0.15072345017135866
IP2017-12-31,0.5660050622065288,0.9592395181795837,-0.0839444825291729,0.008771240673406523,-0.09624425381660134,-0.09204889054814387,-0.14485559466514036,-0.25427945908563093,-0.4273859277806104,-0.23073551631221104,0.11897619864743506
IPG2017-12-31,0.7336612589489591,0.5318976942253718,-0.11551073566698292,-0.3150110571985391,-0.7244333504133349,-0.29174169199581135,-0.12466399137236184,-0.2461758922723742,-0.44930539373606293,-0.2143433762398335,-0.6389475147120274
IPGP2017-12-31,-0.9445306992770065,-0.5161892437574143,0.0625886913163659,-0.1435336071840463,0.23847289928073281,-0.09732399524090014,0.030653139704857463,-0.12190364376844397,-0.5184590671658497,-0.09289135282063987,2.0689308480257798
IQV2017-12-31,-0.9445306992770065,0.2312531037918313,0.17845025176547807,0.30381101625416607,0.3342662195375799,0.853701907217123,-0.14549898685056198,-0.2646017480029536,-0.5305453259966924,-0.19713120110675839,2.1765046886605197
IR2017-12-31,-0.05232030561270659,0.16312044278382135,-0.19009969155055634,-0.20939879804604913,-0.23286836307758338,-0.2549954857922993,-0.13003123670864222,-0.22692820744373604,-0.3563019991372161,-0.19220854470212365,-0.3212765363785476
IR2018-03-31,0.008548208037948089,0.22377572872091614,-0.2449208640243823,-0.21929806137760469,-0.2817803536608167,-0.2590843460341168,-0.13184665617920321,-0.2312357752360201,-0.4077233526883155,-0.19661202902135033,-0.18457652577488837
IRM2017-12-31,1.8658062986179813,-0.7970827414871886,-0.05227252150221217,0.01612024961245718,-0.044711052977583696,0.5787371254229673,-0.14302700634867893,-0.13755303034245558,-0.5376729650195907,0.035993576014496084,-0.018983026071421823
IRM2018-03-31,2.278333684935884,-0.7305242647046344,-0.06662593866688987,-0.02321298429385062,-0.16511059599129974,0.5033693438619143,-0.14589969601867545,-0.1539694093056126,-0.8594174455228579,-0.007237742890107486,-0.20860424728825244
ISRG2017-12-31,-0.9445306992770065,-0.8636904115267884,-0.09251865756885526,0.13037302584462393,1.7335469939880976,-0.1416030750972348,0.6458376572077301,0.09553617317952133,-0.48717498241927265,0.09430656882065329,0.4040376375302797
ISRG2018-03-31,-0.9445306992770065,-0.9080381327533018,-0.06682266145673788,0.21795934894623747,2.207778839988168,-0.10931685821045219,0.7648633302470299,0.15884443208451254,-0.5650774926861537,0.14591068418392258,0.5744079386055286
ITW2017-12-31,-0.14220265553295383,-0.5234206525431019,-0.08970862352714672,-0.17056216540075644,0.07312944286941785,-0.20323103036431298,-0.06219851147546274,-0.092409431265061,-0.22204605337293037,-0.09082322562058089,-0.3103542226402026
JBHT2017-12-31,-0.5711230921990048,0.075827008156591,-0.1606333113458749,-0.09403901483620275,-0.1294289828651283,-0.09063038853080145,-0.08956337325658231,-0.20434342026345395,-0.5093474325903837,-0.18516089065697885,-0.008190739877580929
JBHT2018-03-31,-0.5748022142941859,0.051328766147934746,-0.14288744640273948,-0.08737800556085017,-0.10464663135589425,-0.085846768220331,-0.08800568691292997,-0.20192555432175482,-0.11603190389881976,-0.18301326714231086,0.20662160719817657
JCI2017-12-31,0.2896983357418512,-0.1924238225124913,0.19110009854670026,-0.1998754342801231,-0.346854747402246,-0.253484000243173,-0.1516206189305677,-0.15982972180292102,-0.19160916148229665,-0.15619549116401804,1.4789205995059365
JNPR2017-12-31,-0.2862938423999204,-0.5583478650454031,-0.13097020835134549,-0.2848166659428573,-0.6511534289146675,-0.32491427138037715,-0.11748132656552047,-0.13953941796928276,-0.36152959036000787,-0.08026061144949317,-0.6192859812720116
JPM2017-12-31,-0.051575166960517914,0.20498390452953716,-0.11120977143582467,-0.4334435607109167,-1.3316631254786386,-0.34375249340410796,-0.17616358516159245,-0.3166684815806774,3.0036438629682327,-0.19528749811794177,-0.3871799707772078
KLAC2017-12-31,0.06271047381890531,-0.2649346833975504,-0.04833806570525206,-0.28024896892747836,-0.4208702654549081,-0.3061368307995007,0.14010694303823557,-0.17699649783542065,-0.3188085401145094,-0.14564877625585215,0.4609828584681044
KLAC2018-03-31,0.04235887438100475,-0.300403021727352,-0.07462994412686753,-0.2727637395036354,-0.37770836061064844,-0.3038790618394343,0.15227495665024443,-0.1706599718133371,-0.2950630929280988,-0.13990058119950843,0.20948221317726692
KMB2017-12-31,0.5663776315326231,0.06709520503101568,-0.132170952018841,-0.21790137033099954,-0.27822669706898256,-0.23092683947420184,-0.059632467788576525,-0.19701622580270944,-0.25060476379511587,-0.18440506415808092,-0.6487337983247048
KMB2018-03-31,0.7088853987636888,0.1926609936396409,-0.19241710234050857,-0.23736193224703087,-0.3741236224742794,-0.24103950297638538,-0.06861362069267832,-0.20801242901115322,-0.22828194801075286,-0.19440019694488278,-0.5740637700044782
KMI2017-12-31,0.35294197884635714,-1.2296882439452688,-0.1279283516029281,-0.12833381511512768,-0.28568626775738065,-0.22497710101837354,-0.1584853501720984,1.0773867247400801,-0.11391299427242275,8.827534425842723,-0.33108335065614675
KMI2018-03-31,0.6016785751800572,-1.2263922957232205,-0.13982436644877833,-0.1607991225539933,-0.4038168580200422,-0.23806282238096896,-0.16040047661876272,0.9449575157852668,-0.2518858524664623,7.307297660599371,-0.45796285987225904
KO2017-12-31,0.5711278904403252,-1.0914305950189058,-0.22493635903494744,0.13023163243002941,1.4457422521089116,-0.3030377822661523,0.03278461147702907,0.7834886617825377,2.2647950741924716,0.6731345232416535,-1.7250744375098022
KSU2017-12-31,-0.3317473001834237,0.8943044188795307,-0.041734791811163095,-0.22932837226415032,-0.4385038617210938,-0.22250760332359598,-0.14346345952709358,-0.24512461483965098,-0.4697668589227316,-0.2286661660919273,0.05898559574622473
KSU2018-03-31,-0.34674321555871884,0.8040839854580938,-0.07963862063519685,-0.2206206070970443,-0.39925823148824324,-0.21747723450670362,-0.14221053790285149,-0.24167062371374415,-0.4549425366710661,-0.22557437096374927,-0.00621979604509775
LEG2017-12-31,0.4410080533018947,-0.137450357764151,-0.1601904809994328,-0.2106161608595099,-0.29358098006926875,-0.19790118212037666,-0.10816907125020755,-0.17942735141870458,-0.5155658951366006,-0.16327433222489407,-0.316301271912522
LMT2017-12-31,0.1437443022444134,-0.713232834853143,-0.11109345194390209,-0.1740435471576648,-0.0403078341684599,-0.28838663685547383,0.0021538759125997544,0.002561976287970736,0.635353090711864,-0.01670697698026513,-0.11976121661707821
LOW2018-02-02,-0.21601795326538495,-0.2505702523402659,-0.0944005845065921,-0.21201802483591725,-0.2644264912954458,-0.24828940077274042,-0.09169296376505388,-0.16689283421810844,0.18557856939490594,-0.14786244286265682,-0.29102802339390804
LUV2017-12-31,-0.6058186106915354,0.9348888559420642,-0.1593746120017022,-0.2677942782736157,-0.6379334119724508,-0.25650173850197455,-0.10997508440226825,-0.2671769087149572,-0.2403777375799869,-0.2299741862223017,-0.4202138106362247
LYB2017-12-31,0.5540828437715115,1.4870093763921735,-0.09650331440969774,-0.3375598582065083,-0.8611507043079218,-0.3052858905995398,-0.11000142209406913,-0.2719253347854801,0.13156977594806663,-0.24390499809236188,0.572943417841114
LYB2018-03-31,0.6859723852088901,1.6070163269546571,-0.07113995123062211,-0.3429017703822894,-0.8877357854001855,-0.3075939753235585,-0.11265400391115826,-0.2746642840885807,0.2262006794704105,-0.24621956386770874,0.42741522132112325
MA2017-12-31,-0.6729276605542693,-0.6527005320586619,-0.07230396242698417,-0.0506708956841468,0.5440977266933141,-0.17809971511154354,0.07520710791345465,-0.04628093603415425,0.18330674899618735,-0.04549503854063663,0.3987407259804809
MAC2017-12-31,1.1158242451901765,-0.8605420430758767,-0.1652979270412543,3.534959191218797,2.238218032602771,-0.1703671885073583,-0.1488946678291761,1.8887384037182722,-0.48825062465101005,0.09111265150370827,-1.1045966822461541
MAR2017-12-31,-0.5008937742302312,-0.5835102160241736,0.34340353546873514,-0.1481409633279091,0.2491442295710804,-0.2558315325261303,-0.0769457376202583,0.023766465782048544,-0.09936062477658997,-0.07195630412341365,1.663662366026376
MAS2017-12-31,-0.5131885619913428,-0.2959756285932575,-0.09976883109346099,-0.2421003359458838,-0.3067595549521056,-0.24054922617243443,-0.02713551863368447,-0.19423470589663655,-0.44556067486846035,-0.14064173145570935,-0.4032007329711085
MAS2018-03-31,-0.4711347993084498,-0.21372450281319044,-0.11084367114019467,-0.2583933405130094,-0.39334237751174966,-0.24922124872113652,-0.03768940799103914,-0.2045851347040595,-0.5440374985987729,-0.15325106997292284,-0.3277573829388312
MCD2017-12-31,0.09838398679243367,-0.3362895027420404,-0.0622082468052409,-0.17449359205045978,0.0343914778639721,-0.19817570492850028,-0.042940014977915573,-0.13572177287900214,0.29825091737050696,-0.13362648744652053,-1.1708901992783267
MCHP2017-12-31,-0.17442990224010996,-0.9525826270079973,0.4007865937348347,-0.04070438426516215,-0.10525790173174915,-0.2847783927909284,-0.08305231959066352,0.12301946584419478,-0.3229392090008712,0.2133816524330376,1.1583958587483398
MCK2017-12-31,-0.5734050793213322,2.3943052127107536,0.2101438441365507,-0.3804262031677469,-1.0477332161514818,-0.32880629635361336,-0.13567879033623198,-0.2939783501964299,0.30334069887300286,-0.25762055840286535,-0.358669720755939
MDLZ2017-12-31,-0.047430333207719,-0.1362943162235819,0.16581020030989152,-0.06051842971767995,0.42936538529981194,-0.042491888316271674,-0.1404195748603913,-0.13309249699372858,-0.3528129696074438,-0.16341559106085315,-0.6772987967857649
MDT2018-01-26,0.023031840589863538,-0.660866612728214,-0.09957741410499893,-0.10341753656766602,0.008106851702213409,-0.30444098829125327,-0.14052304436389476,-0.05298833137704752,1.306559464982593,-0.04195745254053576,-0.5853282614915182
MET2017-12-31,0.6776361465375305,0.5306678627992345,-0.1894952383311271,-0.047279178043810675,1.2220898181499507,-0.3406977227430376,-0.16329762271686007,-0.2162971012709532,2.5005204047291083,-0.21428589428927006,-0.4989283799460264
MGM2017-12-31,-0.33081587686818803,1.24874183589232,-0.15882117610329163,-0.1194312029254706,-0.23530308406615782,-0.2972079965915862,-0.15041472889882718,-0.27780873642338366,-0.12819333549080955,-0.23864968018659402,0.28435754814671055
MLM2017-12-31,-0.5821604584845481,0.009489901030741694,-0.11818445142692957,-0.09899295727681569,0.04681373516312423,-0.17129098593352202,-0.1322925156761182,-0.20414139028324635,-0.4838801281743281,-0.1791491347422007,-0.40700574953659713
MMM2017-12-31,-0.009195406117292585,-0.3965020493657258,-0.10522931699673167,-0.1327566700960439,0.16225059156608643,-0.15768600588693918,-0.04696591929605087,-0.12790537725189774,0.06719097473699065,-0.1219111767136022,-0.3183201206298226
MNST2017-12-31,-0.9445306992770065,-0.6935309354064225,-0.08492891275554922,0.030288904340795758,1.3736745108471091,-0.19936758474500169,0.06789651717500898,-0.03189567990772748,-0.3704840380809888,-0.02676203775807996,0.047207837636142246
MO2017-12-31,0.7119590957039666,0.5828619085245044,-0.3578919871338605,-0.24867512972453232,-0.21144281837812862,-0.2335718385536449,0.03980172507826489,-0.24727118337935702,0.3051600464349686,-0.21670135923315914,-0.7148288522626343
MO2018-03-31,0.9535703036761136,0.8496369414822217,-0.3588764173602368,-0.2788436563312028,-0.3890013217916957,-0.25101490507450713,0.010835907888391524,-0.2599680460997629,0.38462340650315907,-0.22716918933682845,-0.7126731324458556
MON2018-02-28,-0.12543703585871085,-0.13137499051903248,-0.1248113973579712,-0.16703422727562797,-0.03445414328103633,-0.2195003307436966,-0.0942909889348412,-0.1816475165940577,-0.19832233500342963,-0.16401303644064547,-0.614379152355725
MPC2017-12-31,0.1283292463772621,1.2526772964559592,0.02463996724983572,-0.27360347844153254,-0.76534702353623,-0.32446344213536477,-0.14643585617319346,-0.26852112961898156,0.42452021792139916,-0.23874446425401247,0.6264189564071712
MPC2018-03-31,0.08739319167265212,1.0089739010525791,0.005654177336662445,-0.2577432756678611,-0.7038159258717899,-0.3212689949135629,-0.14389050638700793,-0.26268679240484266,0.20391958880393835,-0.23223983118865843,0.4579990684994839
MRK2017-12-31,0.6333935390638332,-0.862854126157015,-0.08951924723152539,-0.0597649062764868,-0.08916802217746798,-0.18171842485499098,-0.10427673665477674,0.12633636519781796,0.18144824456088787,0.0934541237239998,-0.6160147619944872
MSCI2017-12-31,-0.4574894477402464,-0.603335098613508,-0.06703815862072075,-0.09329066432481183,0.4592865521721645,-0.23250997467119616,-0.027306713630390226,-0.09789310215641095,-0.4699157928747154,-0.06495634786703426,0.06435778640073646
MSFT2017-12-31,-0.07486074984141103,-0.8902301737028329,-0.0733239007087895,-0.06875028534297972,0.21489236749351862,-0.12872062942100657,0.36342987560904016,0.13764282873300912,1.622559723458478,0.1236315362596918,-0.1503108460205693
MSFT2018-03-31,-0.11789250700530138,-0.9125639124014874,-0.09037266497752576,-0.03882143781714634,0.3446163738677322,-0.11135605549190991,0.4032355342386777,0.1729273647762715,1.5592618139108692,0.15193772785151022,-0.0963357279414173
MTB2017-12-31,-0.12743959598646773,0.008825792060627363,-0.08493666738834404,-0.2609263518061735,-0.3583445583653481,-0.32615324675193785,-0.15676399388654055,-0.19427439035703448,0.08150472891730785,-0.17908676071073823,-0.2355815409953675
MTD2017-12-31,-0.9445306992770065,-0.6806177054319801,-0.07650493270894584,0.011505996228858022,1.0530683789686615,0.007592423121820342,0.055483939281991856,-0.02820213894814589,-0.5130263814137783,-0.03298354164140345,-0.0786588254438328
MU2018-03-01,-0.9445306992770065,2.9268714134852787,0.7815990603309175,-0.3793174718801332,-1.1394652145890898,-0.3280109047570558,-0.13731925228268713,-0.3027219191255586,0.8347948925684727,-0.2628929985917797,4.497455296728976
NAVI2017-12-31,1.3207839457077977,0.6727133925181004,-0.2596375245147129,1.9788056862198589,12.769246230919242,-0.2849832785817421,-0.16095168688288128,2.345095267581561,0.6048344662561558,-0.220552038410797,-1.5269672081253354
NKE2018-02-28,-0.4288481807967479,-0.8384296740339269,-0.16387229902270847,-0.04906383882558389,0.632141381846103,-0.23719256092765045,0.05855604290419512,0.08036949395107724,0.16505346335956755,0.06994645198400362,-0.3941398661856645
NOC2017-12-31,-0.35084147814575606,-0.32652464121850966,-0.1096474169969488,-0.1879432095362868,-0.030610392273542203,-0.23289237447723343,-0.07399403487485913,-0.15432873405612474,-0.20194319708734815,-0.1353815214690425,-0.3085543676820668
NOC2018-03-31,-0.39759892857058937,-0.43772599876985024,-0.10418080901515588,-0.15045153863957686,0.16710967302838997,-0.21568840846667242,-0.06035299178570073,-0.12979868678070067,-0.186525796110018,-0.11288712198525498,-0.35049851611710203
NSC2017-12-31,-0.1565000034218223,1.9400792737811792,-0.0773326377251528,-0.25211857666289084,-0.5056296374018326,-0.2900406166481129,-0.1390293209860446,-0.2874253634812668,-0.008884694465402061,-0.2517304930004502,-0.21130060794796912
NSC2018-03-31,-0.0699242062706616,2.154094538557603,-0.07884887250582778,-0.26442842528229077,-0.5630579711876539,-0.29417053455331543,-0.1412228744603183,-0.290483231538838,0.006694698163582513,-0.25470182063649,-0.227239247482183
NUE2017-12-31,0.1622330550518424,0.3480870892748812,-0.03724159431440646,-0.2613936397983093,-0.6201754895281251,4.425816435561974,-0.14183052263543872,-0.22904663609334175,-0.5482225257166188,-0.20459162447775764,1.0374428681396255
OMC2017-12-31,0.5059748295395864,0.3361823210698715,-0.12468609881754934,-0.320499535718717,-0.7233765778991452,-0.31912433579086125,-0.09824540523237407,-0.23961641173641873,-0.20758854690254214,-0.203881661237288,-0.7337786559853643
OMC2018-03-31,0.5294466970835269,0.3396750423201017,-0.12818874400940738,-0.3208099115068514,-0.7250238997594998,-0.3192165142704218,-0.09840531264687945,-0.23982349246613155,-0.355510526662709,-0.2040907976957209,-0.7537618365091533
ORCL2018-02-28,-0.24312237173874457,-0.816218918477886,-0.08505788454308444,-0.2387551746737678,-0.35561974296111387,-0.2923611796815917,-0.08156800253131365,0.025913034321754593,1.7854283862634335,0.05088812782166237,-0.29662605136255854
ORLY2017-12-31,-0.9445306992770065,0.04918885946645564,-0.12393512385215447,-0.23234074171898875,-0.2621989806037714,-0.2645623238871286,-0.05066448373037516,-0.19542884738679236,-0.34493834798584044,-0.18282247598724927,-0.36385029187118156
OXY2017-12-31,1.0137868210061034,-0.6740012123593611,0.2590294574137801,0.34884826742241193,-0.3255431683660861,-0.25193870250067085,-0.13469865194849906,0.008370338218940053,-0.07754454563720949,-0.036060660526884454,0.9480934144003826
PCAR2017-12-31,0.8901403759085608,0.3964686575791251,0.08289480949750244,-0.24871996178281838,-0.6303184335613775,-0.14570038838739624,-0.1372646956353853,-0.21978644764339636,-0.43475153789162957,-0.2073703264283987,0.30337578741917964
PCG2017-12-31,1.1746901987130742,0.514261911574562,-0.06247557756737874,-0.2378240473093644,-0.8143211772085333,-0.06300502149044576,-0.15846277500769762,-0.20933861152408756,-0.4338573702099748,-0.21349704624430374,-0.875871387908457
PFE2017-12-31,0.7164764987828599,1.1424106107884833,-0.003073049666075931,-0.14550449343870023,-0.23494046604658284,-0.2832278622089752,-0.1297189469344317,-0.2710645427626669,1.9071449304987054,-0.2359657623033714,-0.7061854423305982
PG2017-12-31,0.46783304478068355,-0.23485300671423034,-0.11523034447066428,-0.15573654858753325,0.06354596663779503,-0.19412991498062596,-0.11115651800590794,-0.15492760864031166,0.7749492362221915,-0.1502075841436226,-0.617609310303406
PG2018-03-31,0.6920266367579222,-0.07413863594659921,-0.11377533047521173,-0.19633370167552203,-0.1409705964024555,-0.21579387030791639,-0.11974260553299647,-0.17874766484243462,0.7453950990111717,-0.17060389243184465,-0.5306277265851328
PGR2017-12-31,-0.3695630867819941,-0.058937919519541526,0.03444916959673813,-0.18217366849685382,-0.015494401114690923,1.2273677016845026,-0.12655278012722532,-0.17829886967211625,-0.5328107126165827,-0.17224640859368923,0.32415282031994114
PHM2017-12-31,-0.31228055289499707,-0.16790098387531224,-0.13145915835598843,-0.23273905731376132,-0.16314209817075018,-0.27263780273841254,-0.14447181687032748,-0.1351734057898672,-0.42998774630340525,-0.15944505590118938,0.13727586464764455
PHM2018-03-31,-0.37598990765712054,-0.030405830433154597,-0.10621170653026725,-0.2539273777837412,-0.28389389868919607,-0.28069355781022715,-0.14747431373562836,-0.15324715212637033,-0.4248725951881175,-0.1752189592499538,0.24136633580066857
PKG2017-12-31,0.028992949807372156,0.21285482565681632,-0.06585782188163274,-0.22281565364312866,-0.48733296818556715,-0.19343032459863355,-0.12406574951574174,-0.21158403044696666,-0.48426359543067116,-0.19584702987076674,0.11840134002962743
PLD2017-12-31,0.32607041620180627,-0.11265695621322164,-0.11055511717251304,0.5909534523368376,1.5975134340732802,-0.2520453719202497,-0.14708112962231515,0.1173763355756096,-0.1922337796349776,-0.16624260231037197,-0.4405323253537348
PLD2018-03-31,0.35671424327306156,-0.08530550529592675,0.018610944321132944,0.5721791657745702,1.5421157611970788,-0.25403787617275964,-0.14764362746863408,0.10927709797621449,-0.3800931557375606,-0.16936925351495552,-0.33108335065614675
PM2017-12-31,0.9156613747460196,-0.34086447564727135,-0.10331637152781549,-0.190821082816267,0.0428249369478001,-0.2150367186919626,0.04159080685702502,-0.1416224913723521,0.5318267794453851,-0.13279177614312596,-0.38301224579810245
PM2018-03-31,1.0326481431396266,-0.283947877245634,-0.09877827878856243,-0.20536046418043286,-0.03836005737760031,-0.22268471481270802,0.030365306358747794,-0.15187839901046365,0.6427850412718966,-0.14261996666924892,-0.18960653868070512
PNR2017-12-31,-0.025541885299679407,0.017508401929157147,-0.14078145139108864,-0.11215461500365134,0.17090162146165905,-0.15618216833393364,-0.13675675443636823,-0.1887272243290479,-0.49396747285450876,-0.1799110763422224,-0.6050924482561423
PNR2018-03-31,0.006918217236285558,0.06370087029487656,-0.13071389733054767,-0.12381095015803482,0.1157629614565824,-0.1628725548351394,-0.13810750177301362,-0.19366757888076802,-0.4515982353507043,-0.1841078702434657,-0.4750991215269054
PPG2017-12-31,-0.26417253866307194,0.06185612315567055,0.24598698132999822,-0.20950915388183028,-0.2372301398273273,-0.18946020955974344,-0.10335115491434564,-0.1819707645623899,-0.39484480895220286,-0.18394643157379814,-0.439971153845875
PRGO2017-12-31,-0.60176691927026,-1.0094746287811118,0.37480939014926246,-0.03054475013356045,0.0016833324983150215,-0.3415736195619188,-0.1468798344064084,0.08312215243140621,-0.00980323048257727,0.3365538537983477,-1.1035427747801734
PSA2017-12-31,0.8381203837526455,-0.4544271095367958,-0.13028167858687748,0.016780660317209962,0.7035253291281358,-0.17688368372834504,-0.10402088479156815,-0.1367384166008327,-0.364421089063074,-0.10896306159413187,-0.5275618139568254
PSX2017-12-31,0.32197215361476916,1.1484367847765562,0.04590847617466853,-0.2700065679190408,-0.6196263822413401,-0.3018925954785986,-0.13507114216111157,-0.28463229900489634,0.09206671737965068,-0.2361241434224771,0.8333475281529956
PSX2018-03-31,0.41492820047529433,1.2790202856038217,0.0038424502326472976,-0.2817163566813808,-0.6725271710398975,-0.3054895688120186,-0.13756381656369535,-0.2879513629654502,0.27151683675441596,-0.23937187362931125,0.31664544051357235
PX2017-12-31,0.009572773684707278,-0.5602909986987001,-0.09923294515348086,-0.10412105502077076,-0.044431319076768866,-0.12825611428819916,-0.10885573250073062,-0.06051466967542525,-0.5161450393600628,-0.07963564811464387,-0.08352459303027597
PX2018-03-31,0.08469206405846857,-0.5109747585105917,-0.09341370544880685,-0.12525937050266234,-0.1300402532409832,-0.1417117571473717,-0.11283648649006439,-0.07655657163955457,-0.3274592904530273,-0.0943522504791085,-0.06237800816092386
PXD2017-12-31,-0.9229682495292993,-0.5562079583639241,0.41650156116285886,0.6525147656033755,0.05778552038397641,-0.19766972960619622,-0.13115435113757995,-0.22850043361113753,-0.3981779815384634,-0.08093938767423162,3.5245960523042257
RCL2017-12-31,-0.0971217670755448,0.31529978345405896,-0.0730586106394924,-0.14915313325921434,-0.3024910228359667,-0.29880763535915683,-0.14483301950073962,-0.20658883918633303,-0.12821874855613816,-0.20260972020354384,-0.44347505399251197
RCL2018-03-31,-0.04268007430001674,0.3357149851279392,-0.10681003767117427,-0.15243104644390112,-0.31500652476872354,-0.29947381607388496,-0.14517540949415111,-0.20795614923095254,-0.5264461690131593,-0.20385353177211862,-0.5029044853858625
RE2017-12-31,0.11840958807000172,0.016130990731883454,-0.38019390291324756,-0.08613822671824636,0.5546240097758317,-0.14028721723835497,-0.15993016069374696,-0.20202656931185864,-0.5175626100707008,-0.1797814361983985,0.3024450639427292
REGN2017-12-31,-0.9445306992770065,-0.5699328770796172,0.09627359176143942,-0.13723470299485063,0.35429309473296017,0.24042680944345898,0.018088179452135204,-0.09407329245919956,-0.4939872197175406,-0.07650899691006034,0.7544618699688465
RF2017-12-31,-0.09171951184717769,0.1784441423534929,-0.10283435987883106,-0.23539104599237695,-0.4267861194314017,-0.24284926037422075,-0.15918706153222198,-0.1929575878074669,-0.3697681297165508,-0.1933557376729429,-0.5542790525749324
RHI2017-12-31,-0.13563612116054205,-0.21576602298057845,-0.15628173793226613,-0.2544998486818559,-0.3687775968142606,-0.27786420177166293,-0.02500028433411275,-0.1776769059473342,-0.4875047816513613,-0.15296366022010568,-0.6488022338744438
RMD2017-12-31,-0.19385007836277485,-0.6706068776232219,-0.06657002368305341,-0.043815039386243156,0.5525933488662121,-0.12159752734981126,-0.07249090517850862,-0.03931956014471422,-0.5091234428762876,-0.037609004131422985,0.12061865184117107
RMD2018-03-31,-0.29188238229133473,-0.7511362394066967,-0.05977900604761571,0.02569016974660335,0.8907294718623956,-0.08245105794272,-0.05538269309013371,0.009482224645725606,-0.47954066366869325,0.004911740022598531,0.15480220893580335
ROK2017-12-31,-0.2023726016971817,-0.8801209593799837,-0.09323983841877523,-0.10931467654222093,0.3735843733743454,-0.011824631450417386,0.11245424791100633,0.09891945381235555,-0.49291744255884995,0.11198104559868537,-0.13541242684238827
ROP2017-12-31,-0.692394407842696,-0.3546877808770553,-0.04797318982532651,-0.03254839827696191,0.5157202765328662,-0.24304609564280202,-0.12713785313794498,-0.1445180139101136,-0.3336588667767788,-0.13021487252956931,0.8060964922469245
RRC2017-12-31,-0.7261585030199911,0.7106659903286996,6.1823644957557,-0.14169376848438256,-0.9744740156825047,-0.31376268798410706,-0.16457311950550294,-0.308647169830791,-0.46300199476509546,-0.22207225255016624,8.985137001529043
RRC2018-03-31,-0.6882961452556589,1.0498043044003396,0.4014792048849843,-0.18008725347661658,-1.0407813106904886,-0.31967700414211303,-0.16623051282525866,-0.31260767897850406,-0.8950127032658919,-0.2334261608066698,4.057620018556401
RSG2017-12-31,0.21523104168875512,0.1258319539433365,-0.1043469214123927,-0.15794366530315615,-0.404904712078767,-0.23196012400272573,-0.1427053102559681,-0.20931191470527444,-0.3544841946924877,-0.1893081522391196,-0.19355526990064556
RTN2017-12-31,-0.1659539500714648,-0.3357729735430627,-0.12895686079466454,-0.17929924383674184,-0.02194900186312423,-0.2753943015507738,-0.09082193867192462,-0.15068714366288224,-0.012200072515779259,-0.13372249453416374,-0.32293952023720535
SBAC2017-12-31,-0.9445306992770065,-1.117207861710745,-0.1397778386520093,0.6743841884973173,1.1785963768306513,-0.06554818146364942,-0.09714862849523721,0.17108672734945118,-0.46978004407043417,0.867410062923598,-0.2739601972890007
SBUX2017-12-31,-0.08836638791232912,0.062372652354648415,0.005443169696929215,-0.21902562040801996,-0.2566664656765428,-0.23079481090959109,0.07024245300898783,-0.17586945916011953,-0.0257656358790064,-0.18399107181200167,-0.33792690563004707
SEE2017-12-31,-0.33766183823517054,0.9061353971989724,-0.16676804216372837,-0.11899150389228008,0.15441804234326817,0.4522324266419407,-0.09896592922949829,0.5648705771285758,-0.5398901139505278,-0.22905264048294957,-0.26342112262919415
SJM2018-01-31,0.18593777842459172,0.9205736181418253,-0.17802327945758406,-0.12091410946877972,-0.0784863313722756,-0.2994834767005638,-0.15042225395362743,-0.25361708936480737,-0.30458327265029267,-0.22951861118858083,-0.7223088578491074
SLG2017-12-31,0.503413415422688,-1.0769923740760532,-0.2380343419639976,-0.04565660239584101,0.047259237301459006,-0.33182846239964264,-0.15546215940609678,0.17077502395141655,-0.11958112332606495,0.5901819534774903,-1.9643935549470968
SNA2018-03-31,0.021355278622439338,0.34043753780430663,-0.12138793104833413,-0.28412694196922517,-0.5078157060341272,-0.018041647244360172,-0.13388030223897157,-0.22821037628241087,-0.5098579860501264,-0.20413604944403677,-0.16313566804165852
SO2017-12-31,1.312214851207629,-0.8189245476153882,-0.2149210467111296,0.18857365904963944,0.12908658354724942,1.2307775003760202,-0.1539533859186461,-0.029090349325415862,-0.5008431321246899,0.05311524765093938,0.40816430117954156
SPG2017-12-31,1.0186767934110905,-0.35237569779591715,-0.1119272790386313,0.19351035839091155,0.8422215413581173,-0.047574585527674414,-0.1288855471153037,-0.05923033622981963,-0.3440566749685671,-0.1306551598104808,-0.44357086376214655
STI2017-12-31,0.01259989945922334,0.5313811650263942,-0.11407163907568818,-0.23749470411195503,-0.4605406767964035,-0.31528101647713086,-0.15926607460762462,-0.21981458753349672,0.11381655344532604,-0.2143195273454508,-0.3655338063947611
STX2017-12-29,1.8899301624825868,0.06291377818214872,-0.06344939619098318,-0.2518237196641631,-0.7129331789353875,-0.3223240158521142,-0.09836580610917811,-0.2182474121156004,-0.2644093395994621,-0.1840381580906547,-0.8665915273638481
STX2018-03-30,1.0609168407570306,-0.31021707650792824,-0.08521624230752639,-0.17655759104155397,-0.4316762824382405,-0.30791599621285304,-0.0713565031673705,-0.17640844628588775,-0.2156145958786827,-0.1382329931230564,-0.8341325461226388
SWKS2017-12-29,-0.35419460208060466,-0.09713648361536809,-0.06408894932727327,-0.2687167840883487,-0.5092350965678918,-0.2948632819914103,-0.04395213484854958,-0.20283396769704554,-0.3591912847554378,-0.16803432693963655,0.40028052584960844
SYF2017-12-31,-0.26645452578539935,0.30322283884938994,-0.15500099910541335,-0.26953755561697096,-0.39708252337079386,-0.2362993554859697,-0.15758610612346816,-0.19435303774218674,-0.2880026035780692,-0.20185939729565727,0.1999354539886761
SYF2018-03-31,-0.13894267392962878,0.5379730614704906,-0.1314893606100315,-0.2905034401054544,-0.5141148990598856,-0.24936656064743068,-0.15975708443334113,-0.20942375273003222,-0.28439217774857783,-0.21463200901287544,0.07292591722805969
T2017-12-31,1.4345107324980795,1.7763641143337725,-0.16879975595597604,-0.19429556733343897,-0.7568099593039521,-0.3129153705191508,-0.1532121680208212,-0.2815066065968269,5.2042179688382655,-0.24917376922060197,-0.8055470169966571
TAP2017-12-31,-0.013899093859232848,0.7115268723269956,-0.2621398220760368,-0.18799149021444106,-0.3848571158536968,-0.17010031369535544,-0.15671319976663883,-0.22690944751700248,-0.4260011426036071,-0.222105885606347,7.073054585376263
TEL2017-12-29,-0.17214791511778244,-0.3388967453654516,0.04132752888575979,-0.17974756441960274,-0.18209147982225063,-0.10065650891898704,-0.12555194783879167,-0.13775938953652483,-0.43370594189973666,-0.13315440163976552,-0.08724748693607777
TEL2018-03-30,-0.19864690843623878,-0.38302309693526027,0.10032967285170805,-0.16593066891781652,-0.118291429406756,-0.08833679474680106,-0.12306303596360806,-0.1281975991875552,-0.4737586624215228,-0.12467703695188333,0.030673808819199018
TIF2018-01-31,-0.0886458149068998,-0.5638575098344986,-0.0943222219015074,-0.17935959468443463,-0.14888602974403373,-0.27456389018250554,-0.09684010124842685,-0.0985496995920857,-0.4289692972944645,-0.07849028967416177,-0.3828685311436506
TROW2017-12-31,0.07351498427563985,0.2094604909206774,-0.04796870030107686,-0.2770900331282431,-0.4305677073498258,0.10309335320768002,-0.11168891563302583,-0.21092887608257907,-0.507886357777622,-0.19560670639660258,0.25372579608353263
TRV2017-12-31,0.03215978907917355,0.09206078298160426,-0.18545385022931185,-0.1684222967725627,-0.8971431328794433,-0.2077280520833113,-0.15285284665410911,-0.1719623436500327,-0.28779022558809914,-0.18654106898061373,-0.35110759250977913
TRV2018-03-31,0.021355278622439338,0.06101983778589715,-0.1766972372496667,-0.16275621432917453,-0.8850834935998663,-0.2048298640796604,-0.1523712431468929,-0.1688142836370117,-0.11725069964212324,-0.18387305036031293,-0.33271211673993495
TSS2017-12-31,-0.673672799206458,-0.26340969242914003,-0.054183426278287594,-0.06333422784003322,0.038773975643406136,-0.24103990550249701,-0.12005489530720698,-0.1496127770895638,-0.4314294534540363,-0.1458860421794544,0.5736072426735822
TWX2017-12-31,0.08562348737370426,0.5372351626148082,-0.09353002494072944,-0.25448260558251506,-1.0009658521411633,-0.29619765605142456,-0.14206568059794664,-0.2507287821834818,0.5543138685431003,-0.21459715293646994,-0.21429124147156361
TWX2018-03-31,0.04766798727784836,0.47859680021657824,-0.10538359337549214,-0.24838027272580454,-0.9858084189229319,-0.2942981353306984,-0.14105167946361255,-0.24818897671801454,0.4886248728730487,-0.21172978201953424,-0.2590275603359501
TXN2017-12-31,0.23036667056133575,-0.39699398193618074,-0.057213447008228675,-0.18249094152472461,-0.011951105037701753,-0.2684660221176017,0.025169256019173164,-0.13746644606522376,0.37436543445749587,-0.12181272358550951,0.14420154228123166
TXT2018-03-31,-0.8813336273382626,-0.7654514772069356,-0.10984087467825163,-0.13839516358048673,-0.17757429534983174,1.753633157696892,-0.13739450283068966,0.009221028742742879,-0.487169644171068,0.013957809114991287,1.6640250744399925
UDR2017-12-31,0.5489600155377151,-0.9662337558381221,-0.11944723215678378,4.004528445397372,1.593555717402491,5.294320862403266,-0.14114762391231578,1.5268875569178944,-0.5501461251102098,0.23838935847869455,-0.4139930191649493
UDR2018-03-31,0.6767047232222945,-0.943457277826058,-0.1188754300228065,3.771767296015728,1.4301289562375008,5.000343967305161,-0.14311354447888183,1.4297515424340665,-0.5193527740509797,0.197936741524732,-0.39619293267783456
UHS2017-12-31,-0.7800413418063776,0.44858891341882656,-0.1250517909746112,-0.27519501651068873,-0.6563958494262364,-0.25686884231577034,-0.14792957955104366,-0.2191760284889119,-0.43458042957495086,-0.2101857189857823,-0.21913647839308506
UNH2017-12-31,-0.33519356644979587,-0.05027990627953434,-0.06502562734117612,-0.23934833729109145,-0.31072763213773963,-0.25833886767539993,-0.08031508090707153,-0.21456325111938557,1.1192901826330257,-0.17316367376225472,-0.06590243897248255
UNM2017-12-31,-0.21187311951258603,0.7208243979085945,-0.1159400974406761,-0.28877568155150585,-0.5017651653646485,-0.22806528134670823,-0.15602841977981585,-0.23220263299844232,-0.4571829103882366,-0.22246912261309892,-0.5151886665640136
UNP2017-12-31,-0.0785398719365921,1.204615484322511,-0.09129546628011154,-0.22618150663445358,-0.35116472157776485,-0.2643441547346315,-0.11995330706740355,-0.26584856159509207,0.4740370064987345,-0.23756424973712487,-0.22436495439314494
UNP2018-03-31,-0.04207464914511356,1.1986139069629609,-0.09550745630341323,-0.2256366246952842,-0.3485435113219805,-0.26412397295157636,-0.11982349987209918,-0.26568044379013356,0.4786296433444514,-0.23741320673936772,-0.21751455586427068
USB2017-12-31,0.06373503946566482,0.4498925347305325,-0.1603545527038289,-0.20085829094254898,0.0068014268317438216,-0.1982715061430654,-0.1560810951634176,-0.20448484124959931,0.06263345786253627,-0.2102535966082562,-0.42794702775673216
UTX2017-12-31,0.05376880999264247,-0.1478547316292731,-0.10496688389741161,-0.23325290167411727,-0.3801430815992229,-0.06735069339147563,-0.13302244599174273,-0.1825249039366737,-0.2013307163580318,-0.1619901609889024,-0.3601753028501971
UTX2018-03-31,0.07705439287353559,-0.1325802253166471,-0.12102591213838561,-0.23603421359778895,-0.3935392272938047,-0.07075566176965382,-0.13354731856406035,-0.18436121214963233,-0.5393328521569755,-0.1638687200541245,-0.24770832040911897
V2017-12-31,-0.6622162924290586,-0.5905694484102022,0.02741163626613824,-0.0826706394408107,0.09434777727197279,-0.15161067928428595,-0.07761734876118088,-0.06763983415596217,0.577958772484822,-0.06951209820424285,0.5209666178143408
V2018-03-31,-0.658397456836592,-0.6212660408065909,0.025495425688676833,-0.06430501433292049,0.1711399133030942,-0.1416453403389547,-0.07288973308292201,-0.05479289202168777,0.594982675590192,-0.058244412873584436,0.3570361019695321
VAR2017-12-29,-0.9445306992770065,-0.9480568473598118,-0.03464256791243117,-0.10137250498584666,0.38187278525034324,-0.3145508341106555,0.023984059888133357,0.17062422300190444,-0.38912462473647547,0.2056007977631528,0.10620612506613698
VIAB2017-12-31,0.2647361908935339,2.7494559319507017,-0.12461018504387354,-0.3188735114508791,-1.2365950412609414,-0.32400496489423164,-0.15360347087043433,-0.27258770450630365,-0.08659029913725413,-0.2612926766276891,-0.4787741105478899
VIAB2018-03-31,0.25500281724932056,2.7173081384714717,-0.11038655594386734,-0.3181682686878402,-1.2351756507271767,-0.3238202054089989,-0.15349059504843052,-0.272272393430051,-0.0963284234251997,-0.26098753308161304,-0.6749377703197692
VLO2017-12-31,0.4870203650745394,1.2039759719809198,-0.12199891448485377,-0.26668037405619976,-0.7340789897340275,-0.30059444876862995,-0.1465524945225974,-0.27397882522716194,0.0382097241169099,-0.2375477389640907,0.9870127115369538
VNO2017-12-31,0.6299007016316993,-0.9796635150115421,-0.15301213986282136,1.0070173692608975,1.6664419393370486,-0.32260739423469337,-0.14905457524368146,0.36959849975889253,-0.03700749649340031,0.26542605507721834,-0.3759565406200112
VNO2018-03-31,0.8131116677385662,-0.9365702218396887,-0.2437731783707462,0.887217487970794,1.4064862613612163,-0.32605905564181925,-0.15147388036196277,0.3120408799333828,0.2953892444376939,0.1868861422839674,-0.10509547830800975
VTR2017-12-31,1.5114462983365504,0.30440347701848197,-0.1148560814036713,0.49155388187683924,0.7318716977440488,0.6165826304373088,-0.15140803613246054,0.024341529689996706,-0.5238313712006477,-0.20193339001925492,-0.4105643981230253
VTR2018-03-31,1.9984875498733106,0.6324979048834086,-0.12389308557963506,0.38073593103336056,0.47035158202662186,0.5041880819729456,-0.15456855914856676,-0.017726884474380363,-0.2900991990950539,-0.21887405466243462,-0.35556274679778826
VZ2018-03-31,1.328514759224254,2.5402616063647363,-0.09359328641879258,-0.26543197366392557,-0.7919321046284936,-0.22021078933070265,-0.14213340609114888,-0.28799393356842257,1.1056890536020862,-0.259212930735495,-0.42830973617034884
WAT2017-12-31,-0.9445306992770065,-1.2140939814618468,-0.1056186811907462,-0.10727654220013795,0.35984633068987876,-0.25106361073401295,0.13927354321910757,4.534764738957981,-0.44637547394320926,4.389343850188073,-0.22290043362873022
WBA2018-02-28,0.12022586353471126,0.23651678229569953,-0.13460264160787505,-0.2483061273986391,-0.4890838951943717,0.35180336937153966,-0.1384668231397257,-0.2265234259476772,-0.4607511898905696,-0.19749138056294843,-0.2016511954347697
WDC2017-12-29,0.2330677981755193,-0.8428570671680213,0.38724169907366096,-0.31694918156444546,-1.0047578005744322,-0.32815903436613125,-0.14500609576114543,0.029039448265467664,0.07858937865808431,0.07400321006951253,1.087688248758002
WEC2017-12-31,0.5268387118008665,0.15748781485211222,-0.11241092324188832,-0.19188670635552865,-0.3580337429199982,1.2569167410122815,-0.14867267871256865,-0.1804526535682583,-0.5363181316379396,-0.19178048762345976,-0.5087967862183906
WELL2017-12-31,1.6376541575509909,-0.7615898065288643,-0.2283892113214913,1.6268705800541827,1.5053670150418725,-0.2508631527304271,-0.1535846582334337,0.600391055327295,-0.2794955908118276,0.011454286714919909,-0.6134484288792746
WFC2017-12-31,0.24461744728444218,0.41467016268595824,-0.17966685347152164,-0.24783539078663516,-0.40501867774206185,-0.327337076046207,-0.16628130694516036,-0.2265104383060924,7.615644293158535,-0.20837381452280934,-0.6607100195290304
WHR2017-12-31,0.242940885317018,-0.56002043578495,-0.18027661249233684,-0.1889571037775261,-0.4882964960661519,-0.18684862014756468,-0.14304393772197949,-0.05065344203436222,-0.4686081758350261,-0.07972248255060142,-0.49344669241193223
WHR2018-03-31,0.3938314623852053,-0.4904365736940978,-0.19250036260841105,-0.20794865339148752,-0.5585925892894599,-0.19863498722185663,-0.14541809251145926,-0.06996967274914227,-0.5219928484759614,-0.09990965438039057,-0.5096316999252066
WM2017-12-31,-0.02712530493558027,0.019771291753249945,-0.07968759726337478,-0.16970863198338668,-0.34261729683064196,-0.24730079664260615,-0.12005677657090703,-0.1992674170107373,-0.21370239158366802,-0.18012204733099246,-0.22965502238796986
WM2018-03-31,-0.003374010397069306,0.05255859757407215,-0.08146667328193796,-0.17598512014343926,-0.3673685667953409,-0.249715148260092,-0.12126266660264755,-0.20221128243661987,-0.25566402804586114,-0.18312333896253874,-0.33324591402789927
WMB2017-12-31,0.8883706716096127,0.8706178656121256,-0.11602417398571487,0.38870396723874606,0.2248488222595612,-0.3306949488693258,-0.15030937813162362,-0.2661544927079779,0.5641654705749333,-0.2278803755975229,-0.18466549198954907
WMT2018-01-31,-0.053298300093704114,-0.49016601078034755,-0.15560953371052408,-0.16986209556751986,-0.3365149535869385,-0.25510296026410134,-0.122287955319182,-0.15873082301772024,2.266613145468907,-0.09997814351297675,-0.4663599018252347
WY2017-12-31,0.7218321828454655,-0.7096171304602992,-0.08818789922222209,0.03156834231188343,0.4999515729387799,-0.3063771388881367,-0.13583305395963718,-0.09593268981275334,-0.10231364543311985,-0.018608161919645212,0.22331303777951966
WY2018-03-31,0.7320312681472968,-0.7056324766396141,-0.09473648254817904,0.028393887723241414,0.4871252555606731,-0.3067454502802674,-0.13610207466874621,-0.09747677609005449,-0.07848942461674228,-0.020675066099479437,0.06530904054210869
WYN2017-12-31,-0.012082818394523308,0.5489185611631129,-0.21580956437399082,-0.06018046497060018,0.3893530769684317,-0.16432406399363456,-0.12377415364223195,-0.21290444067475223,-0.47651938642521086,-0.2151462890173845,-0.4617747199927215
WYNN2017-12-31,-0.3903803978775125,-0.18366742275839318,0.08276175632428572,-0.05266592227787783,0.045777683678624316,-0.30976238348684565,-0.1203389661259165,-0.2401575634691177,-0.18448735633411822,-0.15737387115056853,2.1493084011942396
XEL2017-12-31,0.44939086313901616,-0.09307803990911465,-0.11419244809186041,-0.1824202448174273,-0.5286196198428821,0.013027733207000642,-0.1507006809812368,-0.16007287931481376,-0.4671126495956763,-0.1684954055643688,-0.4871711525008656
XEL2018-03-31,0.5300055510726679,-0.026396579983946872,-0.11922561291427868,-0.1928505956086796,-0.5649332243745983,-0.0003884620932332873,-0.15170339453337048,-0.16656525703591465,-0.4729950883657719,-0.17562622498479685,-0.5923497488947399
XOM2017-12-31,1.1984414932515854,0.11574733624901007,-0.020203849787010245,-0.15205687118820568,-0.5932588719608215,-0.015225574567479427,-0.14477281906233758,-0.21542115699962439,0.3333694712011627,-0.1884948437896582,0.5218357492960263
XYL2017-12-31,-0.34539265175162703,-0.5861174586475849,0.02850912087589192,-0.03178625328609838,0.32003087214055337,-0.20539138800536777,-0.11724616860301258,-0.08413413896862786,-0.4768631492552865,-0.07106227633911849,1.0284709675688422
XYL2018-03-31,-0.490461833099591,-0.6609404026137823,0.015583780561168947,0.01783766230680123,0.528971375019618,-0.18754619789899898,-0.11035321840598095,-0.05523375029992659,-0.5676741384456736,-0.04192626552480454,0.799608802131667
ZION2017-12-31,-0.539920411138608,0.023288609632002747,0.00919559569249469,-0.2967661337860344,-0.645817763769494,-0.309136857909391,-0.15624288384162302,-0.22421523342380503,-0.40396098610173403,-0.18045226279167606,-0.021138745888200496
ZTS2017-12-31,-0.6721825219020808,-0.6480025760108171,-0.055340907257559274,-0.08170502587772573,0.524153735616694,-0.21084843450057542,-0.03929976971829326,-0.051883660306697936,-0.3369961865317629,-0.04748611546653611,-0.08353828014022369
